date,rank,query,rising,geo,window
2026-10-07,1,طريقة عمل شوربة الكوارع,breakout,EG,now 7-d
2026-10-07,2,طريقة عمل مكرونة بالكبدة,breakout,EG,now 7-d
2026-10-07,3,طريقة عمل الفاهيتا فراخ,breakout,EG,now 7-d
2026-10-07,4,ورقة لحمة بالخضار,+350%,EG,now 7-d
2026-10-07,5,اكلات باللحمة القطع,+170%,EG,now 7-d
2026-10-07,6,وصفات باللحمة المفرومة,+140%,EG,now 7-d
2026-10-07,7,طريقة عمل شاورما لحمة,+120%,EG,now 7-d
2026-10-07,8,طريقة عمل صلصة الكشري,+100%,EG,now 7-d
2026-10-07,9,طريقة عمل مكرونة بالسجق,+100%,EG,now 7-d
2026-10-07,10,طريقة عمل المكرونة المبكبكة,+90%,EG,now 7-d
